ID,Sequence,Count,Length,Frequency
WT MGA: Sample #8,ATAGAAAGGTATATAATCTATAATGATTTTAATGTTGGTTGTTTTATTATTATTGTTTATTTTTTTTTGTGCTTGTTATGTAGTCGTGTTTTTGATTTGTTATG,1,104,1.1764705882352942
WT MGA: Sample #9,ATAGAAAGGTATATAATCTATAATGATTTTAATGTTTGGTTGTTTTAATATTTTGTTTTTTTATTTTGTGCTTGTTATGTAGTCGTGTTTTTGATTTGTTATG,1,103,1.1764705882352942
WT MGA: Sample #10,ATAGAAAGGTATATAATCTATAATGATTTTAATGTTTGGTTGTTTTAATTTAGTTTTATTTTTTTTTGTGCTTGTTATGTAGTCGTGTTTTTGATTTGTTATG,1,103,1.1764705882352942
WT MGA: Sample #11,ATAGAAAGGTATATAATCTATAATGAATTTTATTTTGGGTGATTTTAATTGTTTATTTTTTTTTGTGCTTGTTATGTAGTCGTGTTTTTGATTTGTTATG,1,100,1.1764705882352942
WT MGA: Sample #12,ATAGAAAGGTATATAATCTATAATGAATTTTAGTGTTTGGTTATTTTAATTTGATTTTTTTTTGTGCTTTGATTGTAGTCGTGTTTTTGATTTGTTATG,1,99,1.1764705882352942
WT MGA: Sample #13,ATAGAAAGGTATATAATCTATAATGATTAATGTTTGGTTGTTTTAATTTAGTTATTTTTTTTTGTGCTTGTTATGTAGTCGTGTTTTTGATTTGTTATG,1,99,1.1764705882352942
WT MGA: Sample #14,ATAGAAAGGTATATAATCTATAATGATTTTAATGTTTGGTTGTTTTAAAGTTTATTTTTTTTTGTGCTTGTTATGTAGTCGTGTTTTTGATTTGTTATG,1,99,1.1764705882352942
WT MGA: Sample #15,ATAGAAAGGTATATAATCTATAATGTTTTAATATTTGGTTGGTTTAATTTAGTTTTATTTTTGTGCTTTGATTGTAGTCGTGTTTTTGATTTGTTATG,1,98,1.1764705882352942
WT MGA: Sample #16,ATAGAAAGGTATATAATCTATAATGATTTAATGTTTGGTTGTTTTAATTTAGTTTTATTTTTGTGCTTTGATTGTAGTCGTGTTTTTGATTTGTTATG,1,98,1.1764705882352942
WT MGA: Sample #17,ATAGAAAGGTATATAATCTATAATGTTATTTTAATGTTTGGTTGTTTTAATTTAGTTTTATTTTTGTGCGATGTTAGTCGTGTTTTTGATTTGTTATG,1,98,1.1764705882352942
WT MGA: Sample #18,ATAGAAAGGTATATAATCTATAATGATTTTAATGTTTGGTTGTTTTAATTTAGTTTATTTTTGTGCTTTGATTGTAGTCGTGTTTTTGATTTGTTATG,1,98,1.1764705882352942
WT MGA: Sample #19,ATAGAAAGGTATATAATCTATAATGATTTAATGTTTGGTTGTTTTAATTTATGTTTATTTTTGTGCTTTGATTGTAGTCGTGTTTTTGATTTGTTATG,1,98,1.1764705882352942
WT MGA: Sample #20,ATAGAAAGGTATATAATCTATAATGATTTTAATGTTTGGTTGTTTTAATTTAGTTTTATTTTTGTGCTTTGATGTAGTCGTGTTTTTGATTTGTTATG,1,98,1.1764705882352942
WT MGA: Sample #21,ATAGAAAGGTATATAATCTATAATGAATTTTAGTGTTTGGTTATTTTAATTTGATTTTTTTGTGCTTTGATTGTAGTCGTGTTTTTGATTTGTTATG,1,97,1.1764705882352942
WT MGA: Sample #22,ATAGAAAGGTATATAATCTATAATGATTTTAATGTTTGGTTGTTTTAATTTAGTATTTTTTGTGCTTTGATTGTAGTCGTGTTTTTGATTTGTTATG,1,97,1.1764705882352942
WT MGA: Sample #23,ATAGAAAGGTATATAATCTATAATGAAAGGGGTATTTTTTATTTATTTGTTTTTATTTTGTGCTTGTTATGTAGTCGTGTTTTTGATTTGTTATG,1,95,1.1764705882352942
WT MGA: Sample #24,ATAGAAAGGTATATAATCTATAATGAATATTTGGTTGGTTTAATTTAGTTTTATTTTTGTGCTTGTTATGTAGTCGTGTTTTTGATTTGTTATG,1,94,1.1764705882352942
WT MGA: Sample #25,ATAGAAAGGTATATAATCTATAATGAATATTTGGTTGTTTTGATTTAATGTTATTTTTGTGCTTTGATTGTAGTCGTGTTTTTGATTTGTTATG,1,94,1.1764705882352942
WT MGA: Sample #26,ATAGAAAGGTATATAATCTATAATGATTTTAATGTTTGGTTGTTTTAAAGTTTTATTTGTGCTTTGATGTAGTCGTGTTTTTGATTTGTTATG,1,93,1.1764705882352942
WT MGA: Sample #27,ATAGAAAGGTATATAATCTATAATGAAATTGGTTGTTGTAATATTTGTATTTTTTTGTGCTTGTTATGTAGTCGTGTTTTTGATTTGTTATG,1,92,1.1764705882352942
WT MGA: Sample #28,ATAGAAAGGTATATAATCTATAATGAAAGGGGATTTTAATTGTTTATTTTTTTTTGTGCTTTGATTGTAGTCGTGTTTTTGATTTGTTATG,1,91,1.1764705882352942
WT MGA: Sample #29,ATAGAAAGGTATATAATCTATAATGAAATTGGTTGTTGTATTATTTTATTGTATGTTTGTCGATGTTAGTCGTGTTTTTGATTTGTTATG,1,90,1.1764705882352942
WT MGA: Sample #30,ATAGAAAGGTATATAATCTATAATGAAAGGGGATTTTAATTGTATTTTTTTTTGTGCTTTGATTGTAGTCGTGTTTTTGATTTGTTATG,1,89,1.1764705882352942
WT MGA: Sample #31,ATAGAAAGGTATATAATCTATAATGAAAGGGGATTTTAAGTATTTTTTTTTGTGCTTTGATTGTAGTCGTGTTTTTGATTTGTTATG,1,87,1.1764705882352942
WT MGA: Sample #32,ATAGAAAGGTATATAATCTATAATGAAAGGGGATTTTAAGATTTTTTTTTGTTTGTCGATGTTAGTCGTGTTTTTGATTTGTTATG,1,86,1.1764705882352942
WT MGA: Sample #33,ATAGAAAGGTATATAATCTATAATGAAAGGGGATTTTAAGATTTTTTTTGTGCTTTGATTGTAGTCGTGTTTTTGATTTGTTATG,1,85,1.1764705882352942
WT MGA: Sample #34,ATAGAAAGGTATATAATCTATAATGAAAGGGGATTTTAAGATTTTTTTGTGCTTTGATTGTAGTCGTGTTTTTGATTTGTTATG,1,84,1.1764705882352942
WT MGA: Sample #35,ATAGAAAGGTATATAATCTATAATGAAAGGGGATTTTAAGATTGTGCTTTGATTGTAGTCGTGTTTTTGATTTGTTATG,1,79,1.1764705882352942
WT MGA: Sample #36,ATAGAAAGGTATATAATCTATAATGAAAGGGGATTTTAAGAGGTCTGATTGAGTCGTGTTTTTGATTTGTTATG,1,74,1.1764705882352942
